config,method,recon_mse,r2_mean,r2_min,c_mse,c_corr,c_hat_mae
b=-0.9,Summe (Baseline),0.8665225505828857,-69.92298889160156,-77.30072784423828,0.0026013331953436136,,
b=-0.9,Referenz [Summe|Differenz],0.001281943405047059,0.8957564830780029,0.8913264274597168,0.0020896210335195065,,
b=-0.9,D-LoRA (gelernt),0.0016986841801553965,0.861038327217102,0.847260594367981,0.001586277037858963,,0.00031375582329928875
b=-0.8 *,Summe (Baseline),0.7315918803215027,-68.31842041015625,-83.51103973388672,0.0029236185364425182,,
b=-0.8 *,Referenz [Summe|Differenz],0.0012232676381245255,0.8837649822235107,0.8568572998046875,0.0017829285934567451,,
b=-0.8 *,D-LoRA (gelernt),0.001660733250901103,0.8415348529815674,0.8019883632659912,0.0014215371338650584,,0.018010444939136505
b=-0.7,Summe (Baseline),0.6089707612991333,-67.72279357910156,-91.19048309326172,0.0036436314694583416,,
b=-0.7,Referenz [Summe|Differenz],0.0012390963966026902,0.857267439365387,0.8010453581809998,0.0017330076079815626,,
b=-0.7,D-LoRA (gelernt),0.0017398461932316422,0.8047740459442139,0.7409894466400146,0.001355840009637177,,0.0002644064952619374
b=-0.6 *,Summe (Baseline),0.5002730488777161,-70.9024429321289,-104.80940246582031,0.00461902329698205,,
b=-0.6 *,Referenz [Summe|Differenz],0.001253791619092226,0.8191368579864502,0.7327558398246765,0.0015340931713581085,,
b=-0.6 *,D-LoRA (gelernt),0.0015684333629906178,0.7766755819320679,0.6748363971710205,0.0012403886066749692,,0.007712208200246096
b=-0.5,Summe (Baseline),0.39422547817230225,-77.28126525878906,-124.06324005126953,0.005835002288222313,,
b=-0.5,Referenz [Summe|Differenz],0.0012310659512877464,0.7591210007667542,0.618988573551178,0.0015475201653316617,,
b=-0.5,D-LoRA (gelernt),0.0017423061653971672,0.6464218497276306,0.42698436975479126,0.0014266087673604488,,0.0004195004003122449
b=-0.4 *,Summe (Baseline),0.309850811958313,-84.80635070800781,-146.74603271484375,0.007703083101660013,,
b=-0.4 *,Referenz [Summe|Differenz],0.0012365910224616528,0.679192304611206,0.4618780016899109,0.001393224229104817,,
b=-0.4 *,D-LoRA (gelernt),0.0017011433374136686,0.5130309462547302,0.1510469913482666,0.0014405091060325503,,0.005161604378372431
b=-0.3 *,Summe (Baseline),0.2292332500219345,-104.07072448730469,-191.6619873046875,0.010581920854747295,,
b=-0.3 *,Referenz [Summe|Differenz],0.001246912288479507,0.43954288959503174,-0.023644328117370605,0.001399638713337481,,
b=-0.3 *,D-LoRA (gelernt),0.0017583244480192661,0.22584956884384155,-0.4079371690750122,0.0014511441113427281,,0.0006996070733293891
b=-0.2 *,Summe (Baseline),0.1632886677980423,-159.60128784179688,-307.806396484375,0.013578654266893864,,
b=-0.2 *,Referenz [Summe|Differenz],0.0012775994837284088,-0.21055012941360474,-1.320275068283081,0.0013843318447470665,,
b=-0.2 *,D-LoRA (gelernt),0.0016720285639166832,-0.7315898537635803,-2.343502998352051,0.001596637535840273,,0.008919062092900276
b=-0.1 *,Summe (Baseline),0.10679842531681061,-414.7184753417969,-821.9627075195312,0.014733687043190002,,
b=-0.1 *,Referenz [Summe|Differenz],0.0012547096703201532,-3.9725356101989746,-8.84730052947998,0.001367370830848813,,
b=-0.1 *,D-LoRA (gelernt),0.0017148988554254174,-5.525486946105957,-11.911872863769531,0.0016496441094204783,,0.0003506512148305774
b=+0.0 *,Summe (Baseline),0.06347331404685974,-1.3790805339813232,-3.7581610679626465,0.01860642619431019,,
b=+0.0 *,Referenz [Summe|Differenz],0.0012814230285584927,0.9534493088722229,0.9068986177444458,0.0014098645187914371,,
b=+0.0 *,D-LoRA (gelernt),0.0016937382752075791,0.9384950995445251,0.8769901990890503,0.0018169479444622993,,0.08239732682704926
b=+0.1 *,Summe (Baseline),0.03127870708703995,-112.31866455078125,-223.26126098632812,0.021747056394815445,,
b=+0.1 *,Referenz [Summe|Differenz],0.001285830046981573,-3.582758665084839,-8.066311836242676,0.0013582793762907386,,
b=+0.1 *,D-LoRA (gelernt),0.0018483416642993689,-5.7369561195373535,-12.334324836730957,0.002058451296761632,,0.0002383977989666164
b=+0.2 *,Summe (Baseline),0.010542580857872963,-8.340312957763672,-16.829425811767578,0.02419438585639,,
b=+0.2 *,Referenz [Summe|Differenz],0.0012411337811499834,-0.2282203733921051,-1.3669512271881104,0.0014367277035489678,,
b=+0.2 *,D-LoRA (gelernt),0.0017582946456968784,-0.7120116949081421,-2.294912576675415,0.0022404261399060488,,0.00040619319770485163
b=+0.3 *,Summe (Baseline),0.0012412375072017312,0.6508346199989319,0.4457428455352783,0.024271350353956223,,
b=+0.3 *,Referenz [Summe|Differenz],0.0012367914896458387,0.4050711989402771,-0.09516000747680664,0.001479557016864419,,
b=+0.3 *,D-LoRA (gelernt),0.0017220440786331892,0.22504639625549316,-0.4074937105178833,0.0023556447122246027,,0.00050841283518821
b=+0.4 *,Summe (Baseline),0.00347401131875813,0.13897258043289185,-0.4268451929092407,0.02440427429974079,,
b=+0.4 *,Referenz [Summe|Differenz],0.0012303211260586977,0.6726146340370178,0.44122445583343506,0.0015272321179509163,,
b=+0.4 *,D-LoRA (gelernt),0.0018568069208413363,0.4831278622150421,0.10245388746261597,0.0028621735982596874,,0.0013887345558032393
b=+0.5 *,Summe (Baseline),0.017153838649392128,-2.2179057598114014,-4.1089324951171875,0.023148423060774803,,
b=+0.5 *,Referenz [Summe|Differenz],0.001214448711834848,0.773547351360321,0.6419457197189331,0.001483492087572813,,
b=+0.5 *,D-LoRA (gelernt),0.0015871634241193533,0.6952074766159058,0.5084816217422485,0.0027142653707414865,,0.0007676290115341544
b=+0.6 *,Summe (Baseline),0.04218919202685356,-4.8383684158325195,-7.5490827560424805,0.021661773324012756,,
b=+0.6 *,Referenz [Summe|Differenz],0.0012237804476171732,0.8305283784866333,0.7516474723815918,0.0016374294646084309,,
b=+0.6 *,D-LoRA (gelernt),0.0017399200005456805,0.7576615810394287,0.6425566077232361,0.003150870557874441,,0.0037906868383288383
b=+0.7 *,Summe (Baseline),0.0792497918009758,-8.312200546264648,-11.554262161254883,0.018588662147521973,,
b=+0.7 *,Referenz [Summe|Differenz],0.001236460404470563,0.8558409214019775,0.8085609078407288,0.0016475097509101033,,
b=+0.7 *,D-LoRA (gelernt),0.0017294015269726515,0.7998237609863281,0.7379449605941772,0.003378691151738167,,0.0007554827607236803
b=+0.8 *,Summe (Baseline),0.12674763798713684,-11.336549758911133,-14.10541820526123,0.020502619445323944,,
b=+0.8 *,Referenz [Summe|Differenz],0.0012782099656760693,0.8752166628837585,0.8455938100814819,0.0019445164361968637,,
b=+0.8 *,D-LoRA (gelernt),0.0016916515305638313,0.8353303670883179,0.7982911467552185,0.0035734758712351322,,0.011181383393704891
b=+0.9,Summe (Baseline),0.1874486356973648,-14.495868682861328,-16.246784210205078,0.028790602460503578,,
b=+0.9,Referenz [Summe|Differenz],0.0013042265782132745,0.8916155695915222,0.8740262985229492,0.0021399459801614285,,
b=+0.9,D-LoRA (gelernt),0.001696157967671752,0.8600262403488159,0.8464977145195007,0.003902458120137453,,0.000604013039264828
